"","Ind1","genetic_fam","Band_ind1","Site_ind1","Type_ind1","FamilyID_ind1","Nest_ind1","Brood_ind1","clutch_id_ind1","SeqID_mom","k0_hat_mom","k1_hat_mom","k2_hat_mom","pi_HAT_mom","nbSNP_mom","Band_mom","Site_mom","Type_mom","FamilyID_mom","SeqID_dad","k0_hat_dad","k1_hat_dad","k2_hat_dad","pi_HAT_dad","nbSNP_dad","Band_dad","Site_dad","Type_dad","FamilyID_dad"
"1","CO_34129","2850-57836_2640-97347","2881-34129","Make Believe","kid","MakeBelieve-26",38,"2","Make Believe_38_2","CO_97347",0.322,0.566,0.112,0.395,59540,"2640-97347","Make Believe","mom","MakeBelieve-26","CO_57836",0.329,0.567,0.104,0.388,59973,"2850-57836","Make Believe","dad","MakeBelieve-26"
"2","CO_34130","2850-57836_2640-97347","2881-34130","Make Believe","kid","MakeBelieve-26",38,"2","Make Believe_38_2","CO_97347",0.275,0.636,0.089,0.407,66842,"2640-97347","Make Believe","mom","MakeBelieve-26","CO_57836",0.306,0.604,0.09,0.392,67230,"2850-57836","Make Believe","dad","MakeBelieve-26"
"3","CO_34131","2850-57836_2640-97347","2881-34131","Make Believe","kid","MakeBelieve-26",38,"2","Make Believe_38_2","CO_97347",0.302,0.608,0.09,0.394,61073,"2640-97347","Make Believe","mom","MakeBelieve-26","CO_57836",0.322,0.565,0.113,0.396,61481,"2850-57836","Make Believe","dad","MakeBelieve-26"
"4","CO_39031","2850-57557_2850-57609","2811-39031","Cooks","kid","Cooks-24",6,"1","Cook's_6_1","CO_57609",0.381,0.452,0.167,0.393,46893,"2850-57609","Cooks","mom","Cooks-24","CO_57557",0.387,0.434,0.18,0.397,48587,"2850-57557","Cooks","dad","Cooks-24"
"5","CO_39032","2850-57557_2850-57609","2811-39032","Cooks","kid","Cooks-24",6,"1","Cook's_6_1","CO_57609",0.313,0.592,0.095,0.391,55775,"2850-57609","Cooks","mom","Cooks-24","CO_57557",0.308,0.588,0.104,0.398,57750,"2850-57557","Cooks","dad","Cooks-24"
"6","CO_39033","2850-57557_2850-57609","2811-39033","Cooks","kid","Cooks-24",6,"1","Cook's_6_1","CO_57609",0.298,0.604,0.099,0.401,59862,"2850-57609","Cooks","mom","Cooks-24","CO_57557",0.327,0.567,0.106,0.389,62038,"2850-57557","Cooks","dad","Cooks-24"
"7","CO_39038","2850-57538_2850-57556","2811-39038","Schaaps","kid","Schaaps-80",59,"1","Schaap's_59_1","CO_57556",0.303,0.585,0.112,0.405,62320,"2850-57556","Schaaps","mom","Schaaps-80","CO_57538",0.266,0.64,0.094,0.414,52718,"2850-57538","Schaaps","dad","Schaaps-80"
"8","CO_39039","2850-57538_2850-57556","2811-39039","Schaaps","kid","Schaaps-80",59,"1","Schaap's_59_1","CO_57556",0.312,0.57,0.118,0.403,61654,"2850-57556","Schaaps","mom","Schaaps-80","CO_57538",0.341,0.486,0.174,0.417,52175,"2850-57538","Schaaps","dad","Schaaps-80"
"9","CO_39040","2850-57538_2850-57556","2811-39040","Schaaps","kid","Schaaps-80",59,"1","Schaap's_59_1","CO_57556",0.289,0.618,0.093,0.402,65099,"2850-57556","Schaaps","mom","Schaaps-80","CO_57538",0.289,0.615,0.096,0.404,55082,"2850-57538","Schaaps","dad","Schaaps-80"
"10","CO_39041","2850-57538_2850-57556","2811-39041","Schaaps","kid","Schaaps-80",59,"1","Schaap's_59_1","CO_57556",0.279,0.639,0.082,0.401,64785,"2850-57556","Schaaps","mom","Schaaps-80","CO_57538",0.339,0.524,0.137,0.399,54947,"2850-57538","Schaaps","dad","Schaaps-80"
"11","CO_39045","2850-57557_2850-57609","2811-39045","Cooks","kid","Cooks-24",6,"1","Cook's_6_1","CO_57609",0.34,0.528,0.131,0.396,52264,"2850-57609","Cooks","mom","Cooks-24","CO_57557",0.352,0.497,0.151,0.399,54189,"2850-57557","Cooks","dad","Cooks-24"
"12","CO_82963","2350-21085_2640-97596","2811-82963","Make Believe","kid","MakeBelieve-20",70,"1","Make Believe_70_1","CO_97596",0.289,0.588,0.123,0.417,58853,"2640-97596","Make Believe","mom","MakeBelieve-20","CO_21085",0.373,0.477,0.151,0.389,57847,"2350-21085","Make Believe","dad","MakeBelieve-20"
"13","CO_82964","2350-21085_2640-97596","2811-82964","Make Believe","kid","MakeBelieve-20",70,"1","Make Believe_70_1","CO_97596",0.265,0.65,0.086,0.41,60773,"2640-97596","Make Believe","mom","MakeBelieve-20","CO_21085",0.313,0.563,0.124,0.405,59718,"2350-21085","Make Believe","dad","MakeBelieve-20"
"14","CO_82965","2350-21085_2640-97596","2811-82965","Make Believe","kid","MakeBelieve-20",70,"1","Make Believe_70_1","CO_97596",0.309,0.567,0.124,0.407,55940,"2640-97596","Make Believe","mom","MakeBelieve-20","CO_21085",0.348,0.503,0.149,0.401,54927,"2350-21085","Make Believe","dad","MakeBelieve-20"
"15","CO_82966","2350-21085_2640-97596","2811-82966","Make Believe","kid","MakeBelieve-20",70,"1","Make Believe_70_1","CO_97596",0.299,0.593,0.108,0.404,52272,"2640-97596","Make Believe","mom","MakeBelieve-20","CO_21085",0.36,0.491,0.149,0.395,51374,"2350-21085","Make Believe","dad","MakeBelieve-20"
"16","CO_82967","2350-21085_2640-97596","2811-82967","Make Believe","kid","MakeBelieve-20",70,"1","Make Believe_70_1","CO_97596",0.3,0.589,0.111,0.406,56951,"2640-97596","Make Believe","mom","MakeBelieve-20","CO_21085",0.358,0.486,0.156,0.399,55904,"2350-21085","Make Believe","dad","MakeBelieve-20"
"17","CO_82969","NA_2640-97370","2811-82969","Cooks","kid","Cooks-23",22,"1","Cook's_22_1","CO_97370",0.348,0.533,0.119,0.385,59359,"2640-97370","Cooks","mom","Cooks-23",NA,NA,NA,NA,NA,NA,NA,NA,NA,NA
"18","CO_82970","2850-57505_2640-97370","2811-82970","Cooks","kid","Cooks-23",22,"1","Cook's_22_1","CO_97370",0.343,0.548,0.108,0.383,59786,"2640-97370","Cooks","mom","Cooks-23","CO_57505",0.311,0.621,0.068,0.379,58045,"2850-57505","Cooks","dad","Cooks-23"
"19","CO_82971","NA_2640-97370","2811-82971","Cooks","kid","Cooks-23",22,"1","Cook's_22_1","CO_97370",0.308,0.577,0.115,0.404,61328,"2640-97370","Cooks","mom","Cooks-23",NA,NA,NA,NA,NA,NA,NA,NA,NA,NA
"20","CO_82972","NA_2640-97370","2811-82972","Cooks","kid","Cooks-23",22,"1","Cook's_22_1","CO_97370",0.316,0.587,0.097,0.39,63430,"2640-97370","Cooks","mom","Cooks-23",NA,NA,NA,NA,NA,NA,NA,NA,NA,NA
"21","CO_82973","NA_2640-97370","2811-82973","Cooks","kid","Cooks-23",22,"1","Cook's_22_1","CO_97370",0.358,0.495,0.147,0.394,57363,"2640-97370","Cooks","mom","Cooks-23",NA,NA,NA,NA,NA,NA,NA,NA,NA,NA
"22","CO_82974","2850-57607_2850-57553","2811-82974","Schaaps","kid","Schaaps-108",32,"1","Schaap's_32_1","CO_57553",0.421,0.396,0.183,0.381,50805,"2850-57553","Schaaps","mom","Schaaps-108","CO_57607",0.315,0.598,0.088,0.386,56159,"2850-57607","Schaaps","dad","Schaaps-108"
"23","CO_82975","2850-57607_2850-57553","2811-82975","Schaaps","kid","Schaaps-108",32,"1","Schaap's_32_1","CO_57553",0.402,0.444,0.154,0.376,54552,"2850-57553","Schaaps","mom","Schaaps-108","CO_57607",0.32,0.583,0.097,0.389,60132,"2850-57607","Schaaps","dad","Schaaps-108"
"24","CO_82976","2850-57701_2850-57553","2811-82976","Schaaps","kid","Schaaps-108",32,"1","Schaap's_32_1","CO_57553",0.415,0.414,0.171,0.378,50310,"2850-57553","Schaaps","mom","Schaaps-108","CO_57701",0.426,0.366,0.208,0.391,47587,"2850-57701","Schaaps","dad","Schaaps-110"
"25","CO_82977","2850-57505_2850-57558","2811-82977","Hepp (near Cook)","kid","Cooks-31",1,"1","Hepp (near Cook)_1_1","CO_57558",0.354,0.5,0.146,0.396,58145,"2850-57558","Cooks","mom","Cooks-31","CO_57505",0.347,0.541,0.112,0.383,59904,"2850-57505","Cooks","dad","Cooks-23"
"26","CO_82978","NA_2850-57558","2811-82978","Hepp (near Cook)","kid","Cooks-31",1,"1","Hepp (near Cook)_1_1","CO_57558",0.353,0.496,0.15,0.399,55827,"2850-57558","Cooks","mom","Cooks-31",NA,NA,NA,NA,NA,NA,NA,NA,NA,NA
"27","CO_82979","2850-57614_2850-57610","2811-82979","Blue Cloud","kid","BlueCloud-14",22,"1","Blue Cloud_22_2","CO_57610",0.398,0.398,0.205,0.403,41122,"2850-57610","Blue Cloud","mom","BlueCloud-14","CO_57614",0.374,0.466,0.159,0.392,53562,"2850-57614","Blue Cloud","dad","BlueCloud-14"
"28","CO_82980","2850-57614_2850-57610","2811-82980","Blue Cloud","kid","BlueCloud-14",22,"1","Blue Cloud_22_2","CO_57610",0.427,0.38,0.193,0.383,41459,"2850-57610","Blue Cloud","mom","BlueCloud-14","CO_57614",0.384,0.455,0.161,0.389,54229,"2850-57614","Blue Cloud","dad","BlueCloud-14"
"29","CO_82981","2850-57614_2850-57610","2811-82981","Blue Cloud","kid","BlueCloud-14",22,"1","Blue Cloud_22_2","CO_57610",0.415,0.37,0.216,0.401,44114,"2850-57610","Blue Cloud","mom","BlueCloud-14","CO_57614",0.368,0.503,0.129,0.381,57555,"2850-57614","Blue Cloud","dad","BlueCloud-14"
"30","CO_82982","2850-57614_2850-57610","2811-82982","Blue Cloud","kid","BlueCloud-14",22,"1","Blue Cloud_22_2","CO_57610",0.406,0.394,0.201,0.398,43421,"2850-57610","Blue Cloud","mom","BlueCloud-14","CO_57614",0.375,0.485,0.14,0.383,56787,"2850-57614","Blue Cloud","dad","BlueCloud-14"
"31","CO_82983","2850-57614_2850-57610","2811-82983","Blue Cloud","kid","BlueCloud-14",22,"1","Blue Cloud_22_2","CO_57610",0.4,0.43,0.169,0.384,44360,"2850-57610","Blue Cloud","mom","BlueCloud-14","CO_57614",0.336,0.533,0.131,0.398,57980,"2850-57614","Blue Cloud","dad","BlueCloud-14"
"32","CO_82984","2850-57549_2850-57550","2811-82984","Cathy's","kid","Cathys-03",1,"1","Mary Ann's_1_2","CO_57550",0.356,0.484,0.161,0.402,47859,"2850-57550","Cathy's","mom","Cathys-03","CO_57549",0.358,0.48,0.162,0.402,49947,"2850-57549","Cathy's","dad","Cathys-03"
"33","CO_82985","2850-57549_2850-57550","2811-82985","Cathy's","kid","Cathys-03",1,"1","Mary Ann's_1_2","CO_57550",0.348,0.496,0.155,0.404,54197,"2850-57550","Cathy's","mom","Cathys-03","CO_57549",0.321,0.55,0.129,0.404,56605,"2850-57549","Cathy's","dad","Cathys-03"
"34","CO_82986","2850-57549_2850-57550","2811-82986","Cathy's","kid","Cathys-03",1,"1","Mary Ann's_1_2","CO_57550",0.352,0.475,0.173,0.41,51520,"2850-57550","Cathy's","mom","Cathys-03","CO_57549",0.346,0.504,0.15,0.402,53846,"2850-57549","Cathy's","dad","Cathys-03"
"35","CO_82987","2850-57549_2850-57550","2811-82987","Cathy's","kid","Cathys-03",1,"1","Mary Ann's_1_2","CO_57550",0.355,0.5,0.145,0.395,51168,"2850-57550","Cathy's","mom","Cathys-03","CO_57549",0.336,0.516,0.148,0.406,53391,"2850-57549","Cathy's","dad","Cathys-03"
"36","CO_82988","2811-06912_2850-57603","2811-82988","Schaaps","kid","Schaaps-54",33,"1","Schaap's_33_2","CO_57603",0.297,0.576,0.128,0.416,56077,"2850-57603","Schaaps","mom","Schaaps-54","CO_06912",0.305,0.566,0.129,0.412,57009,"2811-06912","Schaaps","dad","Schaaps-54"
"37","CO_82989","NA_2850-57603","2811-82989","Schaaps","kid","Schaaps-54",33,"1","Schaap's_33_2","CO_57603",0.383,0.432,0.185,0.401,53457,"2850-57603","Schaaps","mom","Schaaps-54",NA,NA,NA,NA,NA,NA,NA,NA,NA,NA
"38","CO_82990","2811-06912_2850-57603","2811-82990","Schaaps","kid","Schaaps-54",33,"1","Schaap's_33_2","CO_57603",0.296,0.582,0.122,0.413,61595,"2850-57603","Schaaps","mom","Schaaps-54","CO_06912",0.265,0.636,0.098,0.416,62893,"2811-06912","Schaaps","dad","Schaaps-54"
"39","CO_83018","2850-57505_2640-97370","2811-83018","Cooks","kid","Cooks-23",32,"2","Cook's_32_2","CO_97370",0.349,0.547,0.103,0.377,56259,"2640-97370","Cooks","mom","Cooks-23","CO_57505",0.353,0.514,0.133,0.39,54587,"2850-57505","Cooks","dad","Cooks-23"
"40","CO_83019","2850-57505_2640-97370","2811-83019","Cooks","kid","Cooks-23",32,"2","Cook's_32_2","CO_97370",0.396,0.461,0.143,0.374,57021,"2640-97370","Cooks","mom","Cooks-23","CO_57505",0.344,0.554,0.102,0.379,55288,"2850-57505","Cooks","dad","Cooks-23"
"41","CO_83020","2850-57505_2640-97370","2811-83020","Cooks","kid","Cooks-23",32,"2","Cook's_32_2","CO_97370",0.361,0.508,0.131,0.385,52595,"2640-97370","Cooks","mom","Cooks-23","CO_57505",0.389,0.457,0.155,0.383,50962,"2850-57505","Cooks","dad","Cooks-23"
"42","CO_83022","2850-57505_2640-97370","2811-83022","Cooks","kid","Cooks-23",32,"2","Cook's_32_2","CO_97370",0.363,0.5,0.137,0.387,58016,"2640-97370","Cooks","mom","Cooks-23","CO_57505",0.35,0.535,0.115,0.382,56185,"2850-57505","Cooks","dad","Cooks-23"
"43","CO_83029","2850-57607_2850-57553","2811-83029","Schaaps","kid","Schaaps-108",97,"2","Schaap's_97_2","CO_57553",0.4,0.436,0.164,0.382,54079,"2850-57553","Schaaps","mom","Schaaps-108","CO_57607",0.351,0.513,0.136,0.392,59721,"2850-57607","Schaaps","dad","Schaaps-108"
"44","CO_83030","2850-57607_2850-57553","2811-83030","Schaaps","kid","Schaaps-108",97,"2","Schaap's_97_2","CO_57553",0.413,0.405,0.183,0.385,50968,"2850-57553","Schaaps","mom","Schaaps-108","CO_57607",0.325,0.542,0.133,0.404,56217,"2850-57607","Schaaps","dad","Schaaps-108"
"45","CO_83031","NA_2850-57553","2811-83031","Schaaps","kid","Schaaps-108",97,"2","Schaap's_97_2","CO_57553",0.396,0.436,0.168,0.386,55022,"2850-57553","Schaaps","mom","Schaaps-108",NA,NA,NA,NA,NA,NA,NA,NA,NA,NA
"46","CO_83032","2850-57607_2850-57553","2811-83032","Schaaps","kid","Schaaps-108",97,"2","Schaap's_97_2","CO_57553",0.38,0.472,0.148,0.384,55479,"2850-57553","Schaaps","mom","Schaaps-108","CO_57607",0.341,0.549,0.111,0.385,61093,"2850-57607","Schaaps","dad","Schaaps-108"
"47","CO_83033","2850-57557_2850-57609","2811-83033","Cooks","kid","Cooks-24",33,"2","Cook's_33_2","CO_57609",0.365,0.495,0.14,0.387,50943,"2850-57609","Cooks","mom","Cooks-24","CO_57557",0.415,0.402,0.182,0.383,52798,"2850-57557","Cooks","dad","Cooks-24"
"48","CO_83034","2850-57557_2850-57609","2811-83034","Cooks","kid","Cooks-24",33,"2","Cook's_33_2","CO_57609",0.396,0.474,0.13,0.367,51296,"2850-57609","Cooks","mom","Cooks-24","CO_57557",0.381,0.463,0.156,0.387,53152,"2850-57557","Cooks","dad","Cooks-24"
"49","CO_83035","2850-57557_2850-57609","2811-83035","Cooks","kid","Cooks-24",33,"2","Cook's_33_2","CO_57609",0.363,0.531,0.107,0.372,52317,"2850-57609","Cooks","mom","Cooks-24","CO_57557",0.41,0.414,0.176,0.383,54151,"2850-57557","Cooks","dad","Cooks-24"
"50","CO_83036","2850-57557_2850-57609","2811-83036","Cooks","kid","Cooks-24",33,"2","Cook's_33_2","CO_57609",0.272,0.654,0.074,0.401,59872,"2850-57609","Cooks","mom","Cooks-24","CO_57557",0.272,0.618,0.11,0.419,62083,"2850-57557","Cooks","dad","Cooks-24"
"51","CO_83037","2850-57552_2850-57551","2811-83037","Struthers","kid","Struthers-20",10,"2","Struther's_10_2","CO_57551",0.323,0.594,0.083,0.38,61813,"2850-57551","Struthers","mom","Struthers-20","CO_57552",0.318,0.574,0.108,0.395,66210,"2850-57552","Struthers","dad","Struthers-20"
"52","CO_83038","2850-57552_2850-57551","2811-83038","Struthers","kid","Struthers-20",10,"2","Struther's_10_2","CO_57551",0.346,0.536,0.118,0.386,57767,"2850-57551","Struthers","mom","Struthers-20","CO_57552",0.315,0.586,0.099,0.392,61815,"2850-57552","Struthers","dad","Struthers-20"
"53","CO_83039","2850-57552_2850-57551","2811-83039","Struthers","kid","Struthers-20",10,"2","Struther's_10_2","CO_57551",0.365,0.527,0.107,0.371,57017,"2850-57551","Struthers","mom","Struthers-20","CO_57552",0.334,0.567,0.1,0.383,60859,"2850-57552","Struthers","dad","Struthers-20"
"54","CO_83040","2850-57552_2850-57551","2811-83040","Struthers","kid","Struthers-20",10,"2","Struther's_10_2","CO_57551",0.337,0.564,0.099,0.381,61355,"2850-57551","Struthers","mom","Struthers-20","CO_57552",0.287,0.658,0.055,0.384,65635,"2850-57552","Struthers","dad","Struthers-20"
"55","CO_83041","2510-63488_2640-97596","2811-83041","Make Believe","kid","MakeBelieve-20",73,"2","Make Believe_73_2","CO_97596",0.283,0.597,0.12,0.418,56091,"2640-97596","Make Believe","mom","MakeBelieve-20","CO_63488",0.279,0.616,0.105,0.413,59806,"2510-63488","Make Believe","dad","MakeBelieve-17"
"56","CO_83042","2510-63488_2640-97596","2811-83042","Make Believe","kid","MakeBelieve-20",73,"2","Make Believe_73_2","CO_97596",0.301,0.596,0.103,0.401,59599,"2640-97596","Make Believe","mom","MakeBelieve-20","CO_63488",0.236,0.701,0.063,0.413,63629,"2510-63488","Make Believe","dad","MakeBelieve-17"
"57","CO_83043","2850-57518_2640-97596","2811-83043","Make Believe","kid","MakeBelieve-20",73,"2","Make Believe_73_2","CO_97596",0.316,0.573,0.111,0.398,60288,"2640-97596","Make Believe","mom","MakeBelieve-20","CO_57518",0.32,0.558,0.123,0.402,60065,"2850-57518","Make Believe","dad","MakeBelieve-69"
"58","CO_83044","NA_2850-57556","2811-83044","Schaaps","kid","Schaaps-80",80,"2","Schaap's_80_2","CO_57556",0.27,0.639,0.091,0.411,64847,"2850-57556","Schaaps","mom","Schaaps-80",NA,NA,NA,NA,NA,NA,NA,NA,NA,NA
"59","CO_83045","2850-57538_2850-57556","2811-83045","Schaaps","kid","Schaaps-80",80,"2","Schaap's_80_2","CO_57556",0.281,0.606,0.113,0.416,60760,"2850-57556","Schaaps","mom","Schaaps-80","CO_57538",0.329,0.542,0.129,0.4,51477,"2850-57538","Schaaps","dad","Schaaps-80"
"60","CO_83046","NA_2850-57556","2811-83046","Schaaps","kid","Schaaps-80",80,"2","Schaap's_80_2","CO_57556",0.273,0.62,0.107,0.417,65885,"2850-57556","Schaaps","mom","Schaaps-80",NA,NA,NA,NA,NA,NA,NA,NA,NA,NA
"61","CO_83205","2850-57836_2640-97347","2811-83205","Make Believe","kid","MakeBelieve-26",34,"1","Make Believe_34_1","CO_97347",0.3,0.593,0.107,0.404,62695,"2640-97347","Make Believe","mom","MakeBelieve-26","CO_57836",0.291,0.63,0.079,0.394,63023,"2850-57836","Make Believe","dad","MakeBelieve-26"
"62","CO_83206","2850-57518_2640-97347","2811-83206","Make Believe","kid","MakeBelieve-26",34,"1","Make Believe_34_1","CO_97347",0.272,0.645,0.084,0.406,66745,"2640-97347","Make Believe","mom","MakeBelieve-26","CO_57518",0.276,0.624,0.1,0.412,62380,"2850-57518","Make Believe","dad","MakeBelieve-69"
"63","CO_83207","2850-57518_2640-97347","2811-83207","Make Believe","kid","MakeBelieve-26",34,"1","Make Believe_34_1","CO_97347",0.361,0.48,0.159,0.399,51190,"2640-97347","Make Believe","mom","MakeBelieve-26","CO_57518",0.292,0.598,0.11,0.409,47980,"2850-57518","Make Believe","dad","MakeBelieve-69"
"64","CO_83208","2850-57518_2640-97347","2811-83208","Make Believe","kid","MakeBelieve-26",34,"1","Make Believe_34_1","CO_97347",0.273,0.632,0.096,0.411,61855,"2640-97347","Make Believe","mom","MakeBelieve-26","CO_57518",0.25,0.687,0.063,0.406,57825,"2850-57518","Make Believe","dad","MakeBelieve-69"
"65","CO_83209","2850-57836_2640-97347","2811-83209","Make Believe","kid","MakeBelieve-26",34,"1","Make Believe_34_1","CO_97347",0.258,0.69,0.053,0.398,65811,"2640-97347","Make Believe","mom","MakeBelieve-26","CO_57836",0.292,0.611,0.097,0.402,66125,"2850-57836","Make Believe","dad","MakeBelieve-26"
"66","CO_83210","2640-97548_2850-57551","2811-83210","Struthers","kid","Struthers-20",20,"1","Struther's_20_1","CO_57551",0.334,0.563,0.103,0.384,58264,"2850-57551","Struthers","mom","Struthers-20","CO_97548",0.237,0.757,0.005,0.384,62630,"2640-97548","Blue Cloud","dad","BlueCloud-18"
"67","CO_83211","2640-97548_2850-57551","2811-83211","Struthers","kid","Struthers-20",20,"1","Struther's_20_1","CO_57551",0.319,0.583,0.099,0.39,59841,"2850-57551","Struthers","mom","Struthers-20","CO_97548",0.293,0.615,0.092,0.4,64284,"2640-97548","Blue Cloud","dad","BlueCloud-18"
"68","CO_83212","2850-57552_2850-57551","2811-83212","Struthers","kid","Struthers-20",20,"1","Struther's_20_1","CO_57551",0.345,0.546,0.109,0.382,62842,"2850-57551","Struthers","mom","Struthers-20","CO_57552",0.33,0.576,0.095,0.383,67210,"2850-57552","Struthers","dad","Struthers-20"
"69","CO_83213","2850-57552_2850-57551","2811-83213","Struthers","kid","Struthers-20",20,"1","Struther's_20_1","CO_57551",0.361,0.535,0.104,0.371,55987,"2850-57551","Struthers","mom","Struthers-20","CO_57552",0.368,0.497,0.135,0.384,59807,"2850-57552","Struthers","dad","Struthers-20"
"70","CO_83214","NA_2850-57853","2811-83214","Cooks","kid","Cooks-27",29,"2","Cook's_29_2","CO_57853",0.329,0.526,0.145,0.408,51801,"2850-57853","Cooks","mom","Cooks-27",NA,NA,NA,NA,NA,NA,NA,NA,NA,NA
"71","CO_83215","2850-57912_2850-57853","2811-83215","Cooks","kid","Cooks-27",29,"2","Cook's_29_2","CO_57853",0.297,0.574,0.129,0.416,49366,"2850-57853","Cooks","mom","Cooks-27","CO_57912",0.289,0.585,0.126,0.418,54677,"2850-57912","Cooks","dad","Cooks-27"
"72","CO_83216","NA_2850-57853","2811-83216","Cooks","kid","Cooks-27",29,"2","Cook's_29_2","CO_57853",0.309,0.56,0.131,0.411,52242,"2850-57853","Cooks","mom","Cooks-27",NA,NA,NA,NA,NA,NA,NA,NA,NA,NA
"73","CO_83217","NA_2850-57853","2811-83217","Cooks","kid","Cooks-27",29,"2","Cook's_29_2","CO_57853",0.318,0.52,0.162,0.422,50842,"2850-57853","Cooks","mom","Cooks-27",NA,NA,NA,NA,NA,NA,NA,NA,NA,NA
"74","CO_83401","2640-97548_2640-97385","2811-83401","Make Believe","kid","MakeBelieve-69",14,"1","Make Believe_14_1","CO_97385",0.264,0.654,0.082,0.409,59979,"2640-97385","Make Believe","mom","MakeBelieve-69","CO_97548",0.278,0.623,0.099,0.411,63919,"2640-97548","Blue Cloud","dad","BlueCloud-18"
"75","CO_83402","2640-97548_2640-97385","2811-83402","Make Believe","kid","MakeBelieve-69",14,"1","Make Believe_14_1","CO_97385",0.285,0.604,0.11,0.413,56866,"2640-97385","Make Believe","mom","MakeBelieve-69","CO_97548",0.318,0.559,0.124,0.403,60582,"2640-97548","Blue Cloud","dad","BlueCloud-18"
"76","CO_83403","2640-97548_2640-97385","2811-83403","Make Believe","kid","MakeBelieve-69",14,"1","Make Believe_14_1","CO_97385",0.286,0.614,0.1,0.407,60718,"2640-97385","Make Believe","mom","MakeBelieve-69","CO_97548",0.335,0.54,0.125,0.395,64945,"2640-97548","Blue Cloud","dad","BlueCloud-18"
"77","CO_83404","2850-57901_2850-57612","2811-83404","Blue Cloud","kid","BlueCloud-09",21,"1","Blue Cloud_21_1","CO_57612",0.326,0.564,0.11,0.392,63794,"2850-57612","Blue Cloud","mom","BlueCloud-09","CO_57901",0.356,0.462,0.182,0.413,53879,"2850-57901","Blue Cloud","dad","BlueCloud-09"
"78","CO_83405","NA_2850-57612","2811-83405","Blue Cloud","kid","BlueCloud-09",21,"1","Blue Cloud_21_1","CO_57612",0.332,0.532,0.137,0.402,57020,"2850-57612","Blue Cloud","mom","BlueCloud-09",NA,NA,NA,NA,NA,NA,NA,NA,NA,NA
"79","CO_83406","2850-57901_2850-57612","2811-83406","Blue Cloud","kid","BlueCloud-09",21,"1","Blue Cloud_21_1","CO_57612",0.311,0.581,0.107,0.398,65149,"2850-57612","Blue Cloud","mom","BlueCloud-09","CO_57901",0.279,0.594,0.127,0.424,55050,"2850-57901","Blue Cloud","dad","BlueCloud-09"
"80","CO_83407","NA_2850-57612","2811-83407","Blue Cloud","kid","BlueCloud-09",21,"1","Blue Cloud_21_1","CO_57612",0.309,0.594,0.097,0.394,62715,"2850-57612","Blue Cloud","mom","BlueCloud-09",NA,NA,NA,NA,NA,NA,NA,NA,NA,NA
"81","CO_83408","NA_2850-57612","2811-83408","Blue Cloud","kid","BlueCloud-09",21,"1","Blue Cloud_21_1","CO_57612",0.323,0.568,0.109,0.393,64657,"2850-57612","Blue Cloud","mom","BlueCloud-09",NA,NA,NA,NA,NA,NA,NA,NA,NA,NA
"82","CO_E01","2850-57615_2850-57608","E01","Urban Farm Girlz","egg","UrbanFarm-02",NA,"collected","UrbanFarm-02_egg","CO_57608",0.306,0.556,0.138,0.416,55421,"2850-57608","Urban Farm Girlz","mom","UrbanFarm-02","CO_57615",0.377,0.432,0.191,0.407,49909,"2850-57615","Urban Farm Girlz","dad","UrbanFarm-02"
"83","CO_E02","2850-57615_2850-57608","E02","Urban Farm Girlz","egg","UrbanFarm-02",NA,"collected","UrbanFarm-02_egg","CO_57608",0.327,0.52,0.153,0.413,60192,"2850-57608","Urban Farm Girlz","mom","UrbanFarm-02","CO_57615",0.359,0.48,0.161,0.401,54352,"2850-57615","Urban Farm Girlz","dad","UrbanFarm-02"
"84","CO_E03","2850-57615_2850-57608","E03","Urban Farm Girlz","egg","UrbanFarm-02",NA,"collected","UrbanFarm-02_egg","CO_57608",0.289,0.576,0.136,0.424,64983,"2850-57608","Urban Farm Girlz","mom","UrbanFarm-02","CO_57615",0.321,0.544,0.135,0.407,58622,"2850-57615","Urban Farm Girlz","dad","UrbanFarm-02"
"85","CO_E04","2850-57615_2850-57608","E04","Urban Farm Girlz","egg","UrbanFarm-02",NA,"collected","UrbanFarm-02_egg","CO_57608",0.293,0.585,0.121,0.414,60023,"2850-57608","Urban Farm Girlz","mom","UrbanFarm-02","CO_57615",0.325,0.532,0.143,0.409,54110,"2850-57615","Urban Farm Girlz","dad","UrbanFarm-02"
"86","CO_E05","2850-57836_2640-97347","E05","Make Believe","egg","MakeBelieve-26",NA,"collected","MakeBelieve-26_egg","CO_97347",0.338,0.554,0.108,0.385,59494,"2640-97347","Make Believe","mom","MakeBelieve-26","CO_57836",0.319,0.566,0.114,0.398,59781,"2850-57836","Make Believe","dad","MakeBelieve-26"
"87","CO_E06","2850-57836_2640-97347","E06","Make Believe","egg","MakeBelieve-26",NA,"collected","MakeBelieve-26_egg","CO_97347",0.341,0.535,0.123,0.391,56241,"2640-97347","Make Believe","mom","MakeBelieve-26","CO_57836",0.38,0.48,0.14,0.38,56608,"2850-57836","Make Believe","dad","MakeBelieve-26"
"88","CO_E07","2850-57836_2640-97347","E07","Make Believe","egg","MakeBelieve-26",NA,"collected","MakeBelieve-26_egg","CO_97347",0.301,0.624,0.074,0.386,65021,"2640-97347","Make Believe","mom","MakeBelieve-26","CO_57836",0.319,0.583,0.098,0.389,65523,"2850-57836","Make Believe","dad","MakeBelieve-26"
"89","CO_E08","2850-57836_2640-97347","E08","Make Believe","egg","MakeBelieve-26",NA,"collected","MakeBelieve-26_egg","CO_97347",0.309,0.589,0.102,0.396,59993,"2640-97347","Make Believe","mom","MakeBelieve-26","CO_57836",0.354,0.534,0.112,0.379,60402,"2850-57836","Make Believe","dad","MakeBelieve-26"
"90","CO_E09","2850-57836_2640-97347","E09","Make Believe","egg","MakeBelieve-26",NA,"collected","MakeBelieve-26_egg","CO_97347",0.359,0.502,0.139,0.39,56250,"2640-97347","Make Believe","mom","MakeBelieve-26","CO_57836",0.372,0.505,0.123,0.376,56564,"2850-57836","Make Believe","dad","MakeBelieve-26"
"91","CO_E15","2850-57505_2640-97370","E15","Cooks","egg","Cooks-23",NA,"collected","Cooks-23_egg","CO_97370",0.332,0.566,0.103,0.385,63411,"2640-97370","Cooks","mom","Cooks-23","CO_57505",0.288,0.645,0.067,0.39,61486,"2850-57505","Cooks","dad","Cooks-23"
"92","CO_E16","2850-57505_2640-97370","E16","Cooks","egg","Cooks-23",NA,"collected","Cooks-23_egg","CO_97370",0.289,0.645,0.066,0.389,73087,"2640-97370","Cooks","mom","Cooks-23","CO_57505",0.267,0.668,0.066,0.399,70827,"2850-57505","Cooks","dad","Cooks-23"
"93","CO_E17","2850-57505_2640-97370","E17","Cooks","egg","Cooks-23",NA,"collected","Cooks-23_egg","CO_97370",0.319,0.584,0.097,0.389,60540,"2640-97370","Cooks","mom","Cooks-23","CO_57505",0.331,0.589,0.08,0.375,58774,"2850-57505","Cooks","dad","Cooks-23"
"94","CO_E18","2850-57505_2640-97370","E18","Cooks","egg","Cooks-23",NA,"collected","Cooks-23_egg","CO_97370",0.277,0.646,0.077,0.4,69832,"2640-97370","Cooks","mom","Cooks-23","CO_57505",0.266,0.661,0.072,0.403,67643,"2850-57505","Cooks","dad","Cooks-23"
"95","CO_E19","2850-57505_2640-97370","E19","Cooks","egg","Cooks-23",NA,"collected","Cooks-23_egg","CO_97370",0.299,0.628,0.073,0.387,67432,"2640-97370","Cooks","mom","Cooks-23","CO_57505",0.285,0.64,0.075,0.395,65207,"2850-57505","Cooks","dad","Cooks-23"
"96","CO_E20","2850-57518_2640-97385","E20","Make Believe","egg","MakeBelieve-69",NA,"collected","MakeBelieve-69_egg","CO_97385",0.303,0.578,0.119,0.408,54251,"2640-97385","Make Believe","mom","MakeBelieve-69","CO_57518",0.328,0.53,0.141,0.407,52603,"2850-57518","Make Believe","dad","MakeBelieve-69"
"97","CO_E21","2850-57518_2640-97385","E21","Make Believe","egg","MakeBelieve-69",NA,"collected","MakeBelieve-69_egg","CO_97385",0.311,0.572,0.117,0.403,59965,"2640-97385","Make Believe","mom","MakeBelieve-69","CO_57518",0.322,0.525,0.153,0.415,58323,"2850-57518","Make Believe","dad","MakeBelieve-69"
"98","CO_E22","2850-57518_2640-97385","E22","Make Believe","egg","MakeBelieve-69",NA,"collected","MakeBelieve-69_egg","CO_97385",0.293,0.605,0.102,0.404,59462,"2640-97385","Make Believe","mom","MakeBelieve-69","CO_57518",0.281,0.629,0.09,0.404,57715,"2850-57518","Make Believe","dad","MakeBelieve-69"
"99","CO_E23","2850-57518_2640-97385","E23","Make Believe","egg","MakeBelieve-69",NA,"collected","MakeBelieve-69_egg","CO_97385",0.322,0.548,0.131,0.404,56687,"2640-97385","Make Believe","mom","MakeBelieve-69","CO_57518",0.353,0.506,0.141,0.394,54931,"2850-57518","Make Believe","dad","MakeBelieve-69"
"100","CO_E24","2850-57518_2640-97385","E24","Make Believe","egg","MakeBelieve-69",NA,"collected","MakeBelieve-69_egg","CO_97385",0.321,0.544,0.135,0.407,58535,"2640-97385","Make Believe","mom","MakeBelieve-69","CO_57518",0.336,0.531,0.132,0.398,56794,"2850-57518","Make Believe","dad","MakeBelieve-69"
"101","CO_E29","NA_2850-57612","E29","Blue Cloud","egg","BlueCloud-09",NA,"collected","BlueCloud-09_egg","CO_57612",0.35,0.542,0.108,0.379,65807,"2850-57612","Blue Cloud","mom","BlueCloud-09",NA,NA,NA,NA,NA,NA,NA,NA,NA,NA
"102","CO_E30","NA_2850-57612","E30","Blue Cloud","egg","BlueCloud-09",NA,"collected","BlueCloud-09_egg","CO_57612",0.382,0.47,0.148,0.383,56278,"2850-57612","Blue Cloud","mom","BlueCloud-09",NA,NA,NA,NA,NA,NA,NA,NA,NA,NA
"103","CO_E31","NA_2850-57612","E31","Blue Cloud","egg","BlueCloud-09",NA,"collected","BlueCloud-09_egg","CO_57612",0.135,0.617,0.248,0.557,63229,"2850-57612","Blue Cloud","mom","BlueCloud-09",NA,NA,NA,NA,NA,NA,NA,NA,NA,NA
"104","CO_E32","NA_2850-57612","E32","Blue Cloud","egg","BlueCloud-09",NA,"collected","BlueCloud-09_egg","CO_57612",0.329,0.551,0.119,0.395,62602,"2850-57612","Blue Cloud","mom","BlueCloud-09",NA,NA,NA,NA,NA,NA,NA,NA,NA,NA
"105","CO_E33","NA_2850-57612","E33","Blue Cloud","egg","BlueCloud-09",NA,"collected","BlueCloud-09_egg","CO_57612",0.324,0.564,0.112,0.394,64327,"2850-57612","Blue Cloud","mom","BlueCloud-09",NA,NA,NA,NA,NA,NA,NA,NA,NA,NA
"106","CO_E34","2850-57549_2850-57550","E34","Cathy's","egg","Cathys-03",NA,"collected","Cathys-03_egg","CO_57550",0.3,0.599,0.101,0.401,57702,"2850-57550","Cathy's","mom","Cathys-03","CO_57549",0.316,0.544,0.14,0.412,60295,"2850-57549","Cathy's","dad","Cathys-03"
"107","CO_E35","2850-57549_2850-57550","E35","Cathy's","egg","Cathys-03",NA,"collected","Cathys-03_egg","CO_57550",0.324,0.534,0.141,0.409,57908,"2850-57550","Cathy's","mom","Cathys-03","CO_57549",0.282,0.596,0.122,0.42,60186,"2850-57549","Cathy's","dad","Cathys-03"
"108","CO_E36","2850-57549_2850-57550","E36","Cathy's","egg","Cathys-03",NA,"collected","Cathys-03_egg","CO_57550",0.369,0.434,0.197,0.414,49606,"2850-57550","Cathy's","mom","Cathys-03","CO_57549",0.324,0.538,0.138,0.407,52147,"2850-57549","Cathy's","dad","Cathys-03"
"109","CO_E37","2850-57549_2850-57550","E37","Cathy's","egg","Cathys-03",NA,"collected","Cathys-03_egg","CO_57550",0.314,0.556,0.13,0.408,55148,"2850-57550","Cathy's","mom","Cathys-03","CO_57549",0.262,0.632,0.107,0.422,57385,"2850-57549","Cathy's","dad","Cathys-03"
"110","CO_E38","2850-57701_2850-57556","E38","Schaaps","egg","Schaaps-80",NA,"collected","Schaaps-80_egg","CO_57556",0.312,0.588,0.1,0.394,64109,"2850-57556","Schaaps","mom","Schaaps-80","CO_57701",0.366,0.492,0.142,0.388,55147,"2850-57701","Schaaps","dad","Schaaps-110"
"111","CO_E39","2850-57701_2850-57556","E39","Schaaps","egg","Schaaps-80",NA,"collected","Schaaps-80_egg","CO_57556",0.346,0.535,0.12,0.387,58846,"2850-57556","Schaaps","mom","Schaaps-80","CO_57701",0.383,0.451,0.166,0.391,50638,"2850-57701","Schaaps","dad","Schaaps-110"
"112","CO_E40","2850-57701_2850-57556","E40","Schaaps","egg","Schaaps-80",NA,"collected","Schaaps-80_egg","CO_57556",0.251,0.741,0.008,0.378,62269,"2850-57556","Schaaps","mom","Schaaps-80","CO_57701",0.402,0.409,0.188,0.393,53654,"2850-57701","Schaaps","dad","Schaaps-110"
"113","CO_E41","2850-57701_2850-57556","E41","Schaaps","egg","Schaaps-80",NA,"collected","Schaaps-80_egg","CO_57556",0.316,0.591,0.092,0.388,62541,"2850-57556","Schaaps","mom","Schaaps-80","CO_57701",0.39,0.459,0.151,0.38,53808,"2850-57701","Schaaps","dad","Schaaps-110"
"114","CO_E42","2850-57701_2850-57556","E42","Schaaps","egg","Schaaps-80",NA,"collected","Schaaps-80_egg","CO_57556",0.341,0.542,0.117,0.388,60744,"2850-57556","Schaaps","mom","Schaaps-80","CO_57701",0.371,0.458,0.171,0.4,52377,"2850-57701","Schaaps","dad","Schaaps-110"
"115","CO_E43","2850-57552_2850-57551","E43","Struthers","egg","Struthers-20",NA,"collected","Struthers-20_egg","CO_57551",0.376,0.505,0.119,0.372,60182,"2850-57551","Struthers","mom","Struthers-20","CO_57552",0.355,0.532,0.113,0.379,64403,"2850-57552","Struthers","dad","Struthers-20"
"116","CO_E44","2850-57552_2850-57551","E44","Struthers","egg","Struthers-20",NA,"collected","Struthers-20_egg","CO_57551",0.409,0.447,0.144,0.367,56556,"2850-57551","Struthers","mom","Struthers-20","CO_57552",0.369,0.518,0.114,0.373,60486,"2850-57552","Struthers","dad","Struthers-20"
"117","CO_E45","2850-57552_2850-57551","E45","Struthers","egg","Struthers-20",NA,"collected","Struthers-20_egg","CO_57551",0.378,0.486,0.136,0.379,60871,"2850-57551","Struthers","mom","Struthers-20","CO_57552",0.35,0.553,0.097,0.374,65200,"2850-57552","Struthers","dad","Struthers-20"
"118","CO_E46","2850-57552_2850-57551","E46","Struthers","egg","Struthers-20",NA,"collected","Struthers-20_egg","CO_57551",0.358,0.548,0.094,0.368,61823,"2850-57551","Struthers","mom","Struthers-20","CO_57552",0.336,0.566,0.098,0.381,66118,"2850-57552","Struthers","dad","Struthers-20"
"119","CO_E47","2850-57552_2850-57551","E47","Struthers","egg","Struthers-20",NA,"collected","Struthers-20_egg","CO_57551",0.328,0.573,0.099,0.386,59324,"2850-57551","Struthers","mom","Struthers-20","CO_57552",0.324,0.59,0.087,0.382,63452,"2850-57552","Struthers","dad","Struthers-20"
"120","CO_E48","2850-57565_2850-57610","E48","Blue Cloud","egg","BlueCloud-14",NA,"collected","BlueCloud-14_egg","CO_57610",0.387,0.429,0.183,0.398,45844,"2850-57610","Blue Cloud","mom","BlueCloud-14","CO_57565",0.294,0.588,0.118,0.412,61776,"2850-57565","Blue Cloud","dad","BlueCloud-19"
"121","CO_E49","2850-57565_2850-57610","E49","Blue Cloud","egg","BlueCloud-14",NA,"collected","BlueCloud-14_egg","CO_57610",0.394,0.424,0.182,0.394,46142,"2850-57610","Blue Cloud","mom","BlueCloud-14","CO_57565",0.307,0.58,0.113,0.403,62276,"2850-57565","Blue Cloud","dad","BlueCloud-19"
"122","CO_E50","2850-57565_2850-57610","E50","Blue Cloud","egg","BlueCloud-14",NA,"collected","BlueCloud-14_egg","CO_57610",0.408,0.403,0.189,0.391,41085,"2850-57610","Blue Cloud","mom","BlueCloud-14","CO_57565",0.297,0.568,0.135,0.419,55255,"2850-57565","Blue Cloud","dad","BlueCloud-19"
"123","CO_E51","2850-57614_2850-57610","E51","Blue Cloud","egg","BlueCloud-14",NA,"collected","BlueCloud-14_egg","CO_57610",0.371,0.478,0.151,0.39,48028,"2850-57610","Blue Cloud","mom","BlueCloud-14","CO_57614",0.327,0.553,0.12,0.396,62716,"2850-57614","Blue Cloud","dad","BlueCloud-14"
"124","CO_E52","NA_2850-57853","E52","Cooks","egg","Cooks-27",NA,"collected","Cooks-27_egg","CO_57853",0.34,0.518,0.142,0.401,52038,"2850-57853","Cooks","mom","Cooks-27",NA,NA,NA,NA,NA,NA,NA,NA,NA,NA
"125","CO_E53","NA_2850-57853","E53","Cooks","egg","Cooks-27",NA,"collected","Cooks-27_egg","CO_57853",0.282,0.594,0.124,0.421,51837,"2850-57853","Cooks","mom","Cooks-27",NA,NA,NA,NA,NA,NA,NA,NA,NA,NA
"126","CO_E54","NA_2850-57853","E54","Cooks","egg","Cooks-27",NA,"collected","Cooks-27_egg","CO_57853",0.372,0.457,0.171,0.399,49642,"2850-57853","Cooks","mom","Cooks-27",NA,NA,NA,NA,NA,NA,NA,NA,NA,NA
"127","CO_E55","2850-57505_2850-57853","E55","Cooks","egg","Cooks-27",NA,"collected","Cooks-27_egg","CO_57853",0.324,0.54,0.136,0.406,53146,"2850-57853","Cooks","mom","Cooks-27","CO_57505",0.298,0.606,0.096,0.399,63067,"2850-57505","Cooks","dad","Cooks-23"
"128","CO_E56","NA_2850-57603","E56","Schaaps","egg","Schaaps-54",NA,"collected","Schaaps-54_egg","CO_57603",0.364,0.476,0.161,0.398,55327,"2850-57603","Schaaps","mom","Schaaps-54",NA,NA,NA,NA,NA,NA,NA,NA,NA,NA
"129","CO_E57","NA_2850-57603","E57","Schaaps","egg","Schaaps-54",NA,"collected","Schaaps-54_egg","CO_57603",0.361,0.486,0.153,0.396,53547,"2850-57603","Schaaps","mom","Schaaps-54",NA,NA,NA,NA,NA,NA,NA,NA,NA,NA
"130","CO_E58","NA_2850-57603","E58","Schaaps","egg","Schaaps-54",NA,"collected","Schaaps-54_egg","CO_57603",0.327,0.546,0.127,0.4,59938,"2850-57603","Schaaps","mom","Schaaps-54",NA,NA,NA,NA,NA,NA,NA,NA,NA,NA
"131","CO_E59","NA_2850-57603","E59","Schaaps","egg","Schaaps-54",NA,"collected","Schaaps-54_egg","CO_57603",0.354,0.491,0.155,0.401,55562,"2850-57603","Schaaps","mom","Schaaps-54",NA,NA,NA,NA,NA,NA,NA,NA,NA,NA
"132","CO_E60","2850-57633_2850-57558","E60","Cooks","egg","Cooks-31",NA,"collected","Cooks-31_egg","CO_57558",0.336,0.52,0.144,0.404,57256,"2850-57558","Cooks","mom","Cooks-31","CO_57633",0.319,0.529,0.152,0.416,56527,"2850-57633","Cooks","dad","Cooks-31"
"133","CO_E61","2850-57633_2850-57558","E61","Cooks","egg","Cooks-31",NA,"collected","Cooks-31_egg","CO_57558",0.369,0.472,0.16,0.395,54821,"2850-57558","Cooks","mom","Cooks-31","CO_57633",0.283,0.589,0.127,0.422,54301,"2850-57633","Cooks","dad","Cooks-31"
"134","CO_E63","NA_2850-57558","E63","Cooks","egg","Cooks-31",NA,"collected","Cooks-31_egg","CO_57558",0.368,0.477,0.154,0.393,61820,"2850-57558","Cooks","mom","Cooks-31",NA,NA,NA,NA,NA,NA,NA,NA,NA,NA
"135","CO_E64","2850-57633_2850-57558","E64","Cooks","egg","Cooks-31",NA,"collected","Cooks-31_egg","CO_57558",0.298,0.573,0.129,0.416,60341,"2850-57558","Cooks","mom","Cooks-31","CO_57633",0.269,0.603,0.128,0.429,59353,"2850-57633","Cooks","dad","Cooks-31"
"136","CO_E70","2850-57607_2850-57553","E70","Schaaps","egg","Schaaps-108",NA,"collected","Schaaps-108_egg","CO_57553",0.37,0.491,0.139,0.385,56776,"2850-57553","Schaaps","mom","Schaaps-108","CO_57607",0.305,0.587,0.108,0.401,62588,"2850-57607","Schaaps","dad","Schaaps-108"
"137","CO_E71","2850-57607_2850-57553","E71","Schaaps","egg","Schaaps-108",NA,"collected","Schaaps-108_egg","CO_57553",0.354,0.518,0.128,0.387,59246,"2850-57553","Schaaps","mom","Schaaps-108","CO_57607",0.269,0.64,0.091,0.411,65307,"2850-57607","Schaaps","dad","Schaaps-108"
"138","CO_E72","2850-57607_2850-57553","E72","Schaaps","egg","Schaaps-108",NA,"collected","Schaaps-108_egg","CO_57553",0.314,0.581,0.105,0.395,54562,"2850-57553","Schaaps","mom","Schaaps-108","CO_57607",0.298,0.595,0.107,0.404,60299,"2850-57607","Schaaps","dad","Schaaps-108"
"139","CO_E73","2850-57607_2850-57553","E73","Schaaps","egg","Schaaps-108",NA,"collected","Schaaps-108_egg","CO_57553",0.339,0.538,0.123,0.392,54719,"2850-57553","Schaaps","mom","Schaaps-108","CO_57607",0.294,0.596,0.109,0.408,60383,"2850-57607","Schaaps","dad","Schaaps-108"
"140","CO_E74","2850-57607_2850-57553","E74","Schaaps","egg","Schaaps-108",NA,"collected","Schaaps-108_egg","CO_57553",0.288,0.617,0.095,0.403,63742,"2850-57553","Schaaps","mom","Schaaps-108","CO_57607",0.237,0.698,0.065,0.414,70375,"2850-57607","Schaaps","dad","Schaaps-108"
"141","CO_E75","2850-57557_2850-57609","E75","Cooks","egg","Cooks-24",NA,"collected","Cooks-24_egg","CO_57609",0.373,0.501,0.127,0.377,53556,"2850-57609","Cooks","mom","Cooks-24","CO_57557",0.335,0.549,0.116,0.391,55655,"2850-57557","Cooks","dad","Cooks-24"
"142","CO_E76","2850-57557_2850-57609","E76","Cooks","egg","Cooks-24",NA,"collected","Cooks-24_egg","CO_57609",0.221,0.716,0.063,0.421,59525,"2850-57609","Cooks","mom","Cooks-24","CO_57557",0.247,0.695,0.057,0.405,61716,"2850-57557","Cooks","dad","Cooks-24"
"143","CO_E77","2850-57557_2850-57609","E77","Cooks","egg","Cooks-24",NA,"collected","Cooks-24_egg","CO_57609",0.375,0.478,0.148,0.387,54229,"2850-57609","Cooks","mom","Cooks-24","CO_57557",0.356,0.505,0.14,0.392,56240,"2850-57557","Cooks","dad","Cooks-24"
"144","CO_E78","2850-57557_2850-57609","E78","Cooks","egg","Cooks-24",NA,"collected","Cooks-24_egg","CO_57609",0.35,0.537,0.113,0.381,52509,"2850-57609","Cooks","mom","Cooks-24","CO_57557",0.355,0.517,0.127,0.386,54410,"2850-57557","Cooks","dad","Cooks-24"
"145","CO_E79","2850-57557_2850-57609","E79","Cooks","egg","Cooks-24",NA,"collected","Cooks-24_egg","CO_57609",0.356,0.501,0.143,0.393,53839,"2850-57609","Cooks","mom","Cooks-24","CO_57557",0.348,0.521,0.132,0.392,55728,"2850-57557","Cooks","dad","Cooks-24"
"146","CO_E80","2850-57619_2850-57555","E80","Reinarz","egg","Reinarz-01",NA,"collected","Reinarz-01_egg","CO_57555",0.3,0.605,0.095,0.398,66000,"2850-57555","Reinarz","mom","Reinarz-01","CO_57619",0.31,0.571,0.119,0.404,67507,"2850-57619","Reinarz","dad","Reinarz-01"
"147","CO_E81","2850-57619_2850-57555","E81","Reinarz","egg","Reinarz-01",NA,"collected","Reinarz-01_egg","CO_57555",0.329,0.527,0.144,0.407,59038,"2850-57555","Reinarz","mom","Reinarz-01","CO_57619",0.325,0.561,0.114,0.395,60355,"2850-57619","Reinarz","dad","Reinarz-01"
"148","CO_E82","2850-57619_2850-57555","E82","Reinarz","egg","Reinarz-01",NA,"collected","Reinarz-01_egg","CO_57555",0.327,0.547,0.126,0.399,60488,"2850-57555","Reinarz","mom","Reinarz-01","CO_57619",0.316,0.574,0.11,0.397,61868,"2850-57619","Reinarz","dad","Reinarz-01"
"149","CO_E83","2850-57619_2850-57555","E83","Reinarz","egg","Reinarz-01",NA,"collected","Reinarz-01_egg","CO_57555",0.328,0.538,0.134,0.403,57320,"2850-57555","Reinarz","mom","Reinarz-01","CO_57619",0.331,0.562,0.107,0.388,58809,"2850-57619","Reinarz","dad","Reinarz-01"
"150","CO_E84","2850-57619_2850-57555","E84","Reinarz","egg","Reinarz-01",NA,"collected","Reinarz-01_egg","CO_57555",0.34,0.524,0.136,0.398,58694,"2850-57555","Reinarz","mom","Reinarz-01","CO_57619",0.318,0.537,0.144,0.413,60150,"2850-57619","Reinarz","dad","Reinarz-01"
